time,open,high,low,close,MA5,MA15,MA30,DIF,DEA,MACD,ATR,BOLL_MID,BOLL_UP,BOLL_LOW,RSI,K,D,J
2023-08-21,918.000000,950.000000,894.100000,903.200000,,,,0.000000,0.000000,0.000000,,,,,,,,
2023-08-22,895.400000,957.000000,885.000000,895.100000,,,,-0.646154,-0.129231,-1.033846,,,,,,,,
2023-08-23,895.000000,930.700000,894.400000,901.600000,,,,-0.626518,-0.228688,-0.795659,,,,,,,,
2023-08-24,905.000000,920.700000,866.000000,874.800000,,,,-2.741885,-0.731328,-4.021115,,,,,,,,
2023-08-25,880.000000,888.000000,852.000000,861.500000,887.240000,,,-5.428946,-1.670851,-7.516190,,,,,,,,
2023-08-28,872.100000,890.000000,826.200000,847.900000,876.180000,,,-8.557226,-3.048126,-11.018199,,,,,,,,
2023-08-29,848.100000,867.800000,831.200000,855.700000,868.300000,,,-10.288416,-4.496184,-11.584464,,,,,,,,
2023-08-30,861.100000,875.000000,855.700000,864.000000,860.780000,,,-10.865407,-5.770029,-10.190757,,,,,,,,
2023-08-31,865.000000,872.000000,842.300000,857.300000,857.280000,,,-11.728116,-6.961646,-9.532940,,,,,,23.776758,23.776758,23.776758
2023-09-01,866.500000,895.800000,857.300000,883.700000,861.720000,,,-10.164391,-7.602195,-5.124392,,,,,,35.886850,31.042813,45.574924
2023-09-04,895.000000,900.000000,872.800000,877.800000,867.700000,,,-9.294072,-7.940571,-2.707003,,,,,,42.277390,36.364455,54.103261
2023-09-05,878.000000,971.100000,877.200000,969.000000,890.360000,,,-1.231069,-6.598670,10.735202,,,,,,65.652468,48.530245,99.896913
2023-09-06,972.000000,980.400000,918.000000,928.600000,903.280000,,,1.877336,-4.903469,13.561609,,,,,,65.942223,55.214464,87.397742
2023-09-07,930.000000,961.000000,910.000000,920.100000,915.840000,,,3.613239,-3.200128,13.626732,48.378571,,,,53.206831,64.097878,58.460584,75.372467
2023-09-08,915.000000,934.700000,890.400000,891.000000,917.300000,888.753333,,2.610732,-2.037956,9.297376,47.550000,,,,47.915243,55.594371,57.445786,51.891542
2023-09-11,892.900000,918.600000,888.800000,905.300000,922.800000,888.893333,,2.936282,-1.043108,7.958780,44.535714,,,,51.706827,52.134279,55.603397,45.196044
2023-09-12,909.000000,921.800000,898.000000,905.300000,910.060000,889.573333,,3.157880,-0.202910,6.721582,43.642857,,,,50.632911,49.904558,53.653051,42.407573
2023-09-13,910.000000,918.800000,868.600000,876.400000,899.620000,887.893333,,0.990097,0.035691,1.908812,43.321429,,,,50.271739,38.239360,48.424482,17.869115
2023-09-14,878.000000,890.600000,866.000000,870.500000,889.700000,887.606667,,-1.190247,-0.209497,-1.961501,42.507143,,,,51.567944,26.670346,41.088290,-2.165542
2023-09-15,878.000000,889.800000,871.500000,884.500000,888.400000,889.140000,,-1.768121,-0.521221,-2.493799,39.328571,888.665000,946.570159,830.759841,56.367432,23.143491,35.060230,-0.689987
2023-09-18,884.800000,914.500000,880.000000,897.700000,886.880000,892.460000,,-1.147730,-0.646523,-1.002414,39.178571,888.390000,946.056259,830.723741,57.172131,24.673452,31.580089,10.860178
2023-09-19,900.000000,908.100000,886.000000,894.900000,884.800000,895.073333,,-0.871951,-0.691609,-0.360685,39.378571,888.380000,946.041429,830.718571,55.377654,26.595904,29.912983,19.961746
2023-09-20,898.000000,916.000000,894.000000,908.700000,891.260000,898.053333,,0.454907,-0.462306,1.834424,38.828571,888.735000,946.824958,830.645042,58.729620,38.475830,32.773799,49.879894
2023-09-21,906.000000,911.300000,878.200000,882.000000,893.560000,899.700000,,-0.640631,-0.497971,-0.285321,38.442857,889.095000,946.909931,831.280069,49.711571,35.203517,33.584940,38.440671
2023-09-22,890.000000,890.000000,870.000000,877.800000,892.220000,899.306667,,-1.826701,-0.763717,-2.125968,37.928571,889.910000,946.534335,833.285665,50.000000,30.513235,32.559998,26.419710
2023-09-25,876.300000,884.400000,831.600000,834.100000,879.500000,896.393333,,-6.221180,-1.855210,-8.731942,34.992857,889.220000,948.283555,830.156445,22.525458,21.291575,28.801314,6.272097
2023-09-26,824.000000,830.000000,773.600000,773.700000,855.260000,883.373333,,-14.411486,-4.366465,-20.090042,34.857143,885.120000,962.519132,807.720868,20.828625,14.214599,23.936881,-5.229965
2023-09-27,774.400000,781.300000,730.300000,753.400000,824.200000,871.693333,,-22.283531,-7.949878,-28.667306,34.857143,879.590000,976.649893,782.530107,19.942301,13.622694,20.497784,-0.127487
2023-09-28,759.600000,768.000000,706.700000,716.900000,791.180000,858.146667,,-31.108826,-12.581668,-37.054316,36.071429,872.570000,993.734127,751.405873,19.423955,10.705674,17.233093,-2.349165
2023-10-09,711.000000,744.100000,689.000000,737.000000,763.020000,847.880000,868.316667,-36.065295,-17.278393,-37.573804,37.878571,865.235000,1000.503035,729.966965,21.032702,14.186039,16.217273,10.123572
2023-10-10,739.300000,753.000000,716.300000,727.200000,741.640000,836.006667,862.450000,-40.319334,-21.886581,-36.865506,38.800000,857.705000,1006.152836,709.257164,20.346320,15.066836,15.833760,13.532989
2023-10-11,734.000000,755.100000,728.000000,744.000000,735.700000,825.253333,857.413333,-41.852621,-25.879789,-31.945663,37.207143,846.455000,993.485687,699.424313,27.029840,18.291862,16.653176,21.569235
2023-10-12,741.000000,800.500000,727.400000,786.500000,742.320000,819.260000,853.576667,-39.186647,-28.541161,-21.290973,40.671429,839.350000,983.369582,695.330418,37.068966,28.364128,20.556981,43.978422
2023-10-13,781.000000,799.900000,770.200000,781.800000,755.300000,813.346667,850.476667,-37.026279,-30.238184,-13.576189,41.414286,832.435000,973.377605,691.492395,33.724247,34.740361,25.284899,53.651286
2023-10-16,788.000000,823.000000,781.600000,781.700000,764.240000,806.493333,847.816667,-34.919708,-31.174489,-7.490437,41.907143,826.970000,966.823112,687.116888,30.820106,45.075317,31.881821,71.462307
2023-10-17,777.500000,778.000000,723.600000,723.600000,763.520000,794.886667,843.673333,-37.506073,-32.440806,-10.130534,44.478571,817.885000,959.903357,675.866643,26.055354,38.657101,34.140274,47.690754
2023-10-18,725.000000,744.000000,714.000000,732.700000,761.260000,784.073333,839.573333,-38.379082,-33.628461,-9.501241,45.050000,809.255000,949.877174,668.632826,25.070822,36.642032,34.974200,39.977695
2023-10-19,727.400000,759.700000,720.000000,756.900000,755.340000,773.953333,836.003333,-36.695210,-34.241811,-4.906799,45.521429,803.280000,942.032268,664.527732,32.154066,41.318593,37.089009,49.777761
2023-10-20,760.000000,773.900000,712.000000,736.400000,746.260000,764.246667,831.973333,-36.593086,-34.712066,-3.762041,48.514286,796.575000,934.608693,658.541307,30.725191,34.873033,36.350348,31.918405
2023-10-23,738.800000,769.400000,730.100000,757.800000,741.480000,756.246667,827.776667,-34.388937,-34.647440,0.517007,47.550000,790.240000,922.804366,657.675634,38.925980,37.002448,36.567715,37.871913
2023-10-24,755.000000,776.800000,744.100000,770.400000,750.840000,752.000000,824.196667,-31.265014,-33.970955,5.411881,45.564286,783.875000,906.571834,661.178166,49.443883,42.205844,38.447094,49.723344
2023-10-25,772.800000,781.700000,738.900000,746.100000,753.520000,750.160000,816.766667,-30.399662,-33.256696,5.714069,44.978571,776.435000,888.358155,664.511845,48.786166,38.377466,38.423885,38.284628
2023-10-26,752.000000,763.000000,741.100000,758.800000,753.900000,750.520000,811.106667,-28.362139,-32.277785,7.831292,42.164286,768.940000,862.067788,675.812212,57.565908,39.639032,38.828934,41.259228
2023-10-27,755.000000,769.000000,744.500000,762.100000,759.040000,753.533333,805.840000,-26.179325,-31.058093,9.757535,39.978571,762.945000,839.366476,686.523524,54.825067,50.385854,42.681242,65.795077
2023-10-30,780.000000,801.000000,777.000000,794.000000,766.280000,757.333333,802.606667,-21.626075,-29.171689,15.091229,40.135714,758.755000,815.254221,702.255779,61.835578,64.302184,49.888225,93.130102
2023-10-31,778.000000,789.600000,766.200000,780.900000,768.380000,760.913333,798.460000,-18.857277,-27.108807,16.503060,40.128571,756.095000,801.597549,710.592451,56.624776,68.673367,56.149940,93.720220
2023-11-01,776.000000,795.000000,774.200000,782.800000,775.720000,763.500000,794.376667,-16.321526,-24.951351,17.259650,36.392857,756.550000,802.966581,710.133419,49.222362,72.299099,61.532994,93.831309
2023-11-02,780.000000,784.900000,748.000000,756.400000,775.240000,761.493333,790.376667,-16.254809,-23.212042,13.914467,36.907143,756.700000,803.093103,710.306897,45.107858,60.564231,61.210073,59.272548
2023-11-03,762.400000,771.600000,756.500000,768.100000,776.440000,760.580000,786.963333,-15.083964,-21.586427,13.004925,35.035714,759.260000,801.905091,716.614909,47.492625,56.049799,59.489982,49.169433
2023-11-06,770.000000,775.400000,755.000000,763.400000,770.320000,759.360000,782.926667,-14.369668,-20.143075,11.546814,32.342857,760.580000,801.938896,719.221104,59.136823,50.517364,56.499109,38.553875
2023-11-07,762.500000,762.500000,718.000000,718.900000,757.920000,759.046667,776.966667,-17.196134,-19.553687,4.715105,33.442857,760.165000,803.071767,717.258233,47.274882,34.039688,49.012635,4.093794
2023-11-08,712.000000,735.400000,706.000000,727.900000,746.940000,758.726667,771.400000,-18.496687,-19.342287,1.691200,32.707143,759.360000,804.108344,714.611656,43.907563,30.377336,42.800869,5.530270
2023-11-09,726.000000,734.500000,713.300000,719.400000,739.540000,756.226667,765.090000,-19.982912,-19.470412,-1.025000,29.800000,756.005000,802.223177,709.786823,46.238938,24.953312,36.851683,1.156569
2023-11-10,724.000000,748.600000,723.600000,737.900000,733.500000,756.326667,760.286667,-19.443824,-19.465094,0.042540,29.078571,753.810000,799.029041,708.590959,45.540117,28.583107,34.095491,17.558338
2023-11-13,742.000000,744.800000,722.800000,737.300000,728.280000,754.960000,755.603333,-18.847744,-19.341624,0.987761,28.314286,751.590000,795.380838,707.799162,42.160114,30.778251,32.989744,26.355264
2023-11-14,762.000000,798.800000,756.100000,759.800000,736.460000,754.253333,753.126667,-16.371068,-18.747513,4.752890,29.650000,753.400000,795.270024,711.529976,53.272814,39.843547,35.274345,48.981950
2023-11-15,765.000000,774.600000,757.800000,767.000000,744.280000,755.646667,752.903333,-13.669729,-17.731956,8.124455,29.285714,755.115000,796.217863,714.012137,52.011776,48.473284,39.673991,66.071869
2023-11-16,764.000000,778.000000,760.800000,776.100000,755.620000,756.800000,753.660000,-10.671588,-16.319883,11.296588,28.764286,756.075000,798.236638,713.913362,53.339695,57.495120,45.614368,81.256626
2023-11-17,772.000000,773.000000,745.300000,761.900000,760.420000,756.786667,755.160000,-9.333768,-14.922660,11.177783,28.185714,757.350000,798.537453,716.162547,41.636269,58.409103,49.879280,75.468751
2023-11-20,770.000000,780.800000,758.500000,758.900000,764.740000,754.446667,755.890000,-8.418567,-13.621841,10.406549,27.792857,757.405000,798.597921,716.212079,43.949395,57.940839,52.566466,68.689585
2023-11-21,750.400000,764.300000,730.100000,734.000000,759.580000,751.320000,756.116667,-9.591916,-12.815856,6.447881,28.750000,755.585000,797.569322,713.600678,38.085938,46.697401,50.610111,38.871982
2023-11-22,736.000000,742.800000,726.000000,738.300000,753.840000,748.353333,755.926667,-10.058876,-12.264460,4.411168,27.314286,755.195000,797.692082,712.697918,45.046524,37.929847,46.383356,21.022827
2023-11-23,736.300000,739.400000,720.000000,733.600000,745.340000,746.833333,754.163333,-10.685026,-11.948573,2.527094,27.614286,753.935000,797.463830,710.406170,40.182129,31.039525,41.268746,10.581084
2023-11-24,736.000000,770.000000,735.000000,758.900000,744.740000,746.220000,753.400000,-9.035600,-11.365979,4.660758,28.757143,753.775000,797.200865,710.349135,48.853795,37.148178,39.895223,31.654087
2023-11-27,770.000000,778.800000,756.700000,767.000000,746.360000,746.460000,752.910000,-6.994190,-10.491621,6.994862,27.092857,752.425000,792.102589,712.747411,65.040650,50.532996,43.441147,64.716692
2023-11-28,764.000000,796.000000,757.500000,786.200000,756.800000,750.946667,754.996667,-3.783465,-9.149990,10.733049,27.742857,752.690000,793.229774,712.150226,67.136978,62.723751,49.868682,88.433890
2023-11-29,795.000000,808.100000,775.500000,790.300000,767.200000,755.106667,756.916667,-0.897758,-7.499543,13.203571,28.557143,753.065000,794.895700,711.234300,71.394086,68.414397,56.050587,93.142016
2023-11-30,794.500000,843.000000,786.400000,829.000000,786.280000,762.413333,759.320000,4.460534,-5.107528,19.136124,30.514286,756.695000,810.601448,702.788552,74.502421,75.148893,62.416689,100.613301
2023-12-01,828.000000,852.400000,805.000000,818.500000,798.200000,767.786667,762.056667,7.770187,-2.531985,20.604343,32.328571,759.215000,819.679562,698.750438,70.735444,74.897852,66.577077,91.539403
2023-12-04,826.900000,858.000000,808.000000,824.400000,809.680000,773.593333,764.276667,10.745326,0.123477,21.243697,31.507143,762.265000,829.404047,695.125953,68.024554,75.149293,69.434482,86.578914
2023-12-05,819.000000,838.000000,751.900000,796.000000,811.640000,776.006667,765.130000,10.688294,2.236441,16.903707,36.457143,766.120000,831.608692,700.631308,57.235529,68.457016,69.108660,67.153729
2023-12-06,799.000000,815.000000,782.000000,810.400000,815.660000,778.900000,767.273333,11.670525,4.123258,15.094536,37.585714,770.245000,835.989785,704.500215,58.337385,66.071615,68.096312,62.022222
2023-12-07,806.000000,876.000000,801.100000,870.100000,823.880000,785.166667,770.983333,17.069475,6.712501,20.713949,40.735714,777.780000,852.868119,702.691881,71.536624,75.796333,70.662986,86.063029
2023-12-08,875.700000,898.000000,859.400000,894.000000,838.980000,793.973333,775.380000,23.011451,9.972291,26.078320,41.900000,785.585000,874.413499,696.756501,74.825432,82.951605,74.759192,99.336431
2023-12-11,904.200000,914.700000,880.200000,900.400000,854.180000,803.406667,778.926667,27.915147,13.560862,28.708570,41.921429,793.740000,893.213189,694.266811,82.807571,85.706476,78.408287,100.302853
2023-12-12,917.000000,923.000000,888.200000,909.900000,876.960000,815.133333,783.226667,32.196788,17.288047,29.817481,43.207143,801.245000,911.951411,690.538589,83.153014,87.918870,81.578481,100.599648
2023-12-13,900.100000,905.000000,872.200000,893.000000,893.480000,825.446667,786.900000,33.836287,20.597695,26.477183,44.514286,807.545000,924.225427,690.864573,79.409594,86.101378,83.086113,92.131907
2023-12-14,903.000000,931.300000,883.000000,886.000000,896.660000,835.606667,791.220000,34.176791,23.313514,21.726553,45.364286,813.040000,933.766335,692.313665,75.148397,82.317307,82.829844,81.292231
2023-12-15,890.000000,899.900000,878.000000,899.200000,897.700000,844.960000,795.590000,35.107080,25.672228,18.869705,45.350000,819.905000,943.956101,695.853899,75.640031,82.247212,82.635634,81.470369
2023-12-18,979.700000,979.700000,953.000000,979.700000,913.560000,859.140000,802.800000,41.857511,28.909284,25.896454,48.350000,830.945000,970.471575,691.418425,80.319649,88.164808,84.478692,95.537041
2023-12-19,1088.000000,1095.100000,1030.000000,1092.900000,950.160000,879.586667,815.266667,55.699501,34.267328,42.864347,54.264286,848.890000,1023.760200,674.019800,85.333956,91.860439,86.939274,101.702768
2023-12-20,1110.000000,1168.400000,1075.000000,1168.400000,1005.240000,904.793333,829.950000,71.932405,41.800343,60.264123,56.892857,870.395000,1088.453529,652.336471,86.494624,94.573626,89.484058,104.752762
2023-12-21,1166.900000,1236.800000,1150.300000,1236.800000,1075.400000,931.980000,847.196667,89.287159,51.297706,75.978906,59.685714,895.555000,1158.629722,632.480278,89.998088,96.382417,91.783511,105.580230
2023-12-22,1278.400000,1391.200000,1262.800000,1391.200000,1173.800000,970.160000,868.973333,114.183481,63.874861,100.617240,67.142857,927.170000,1263.007894,591.332106,92.210307,97.588278,93.718434,105.327968
2023-12-25,1348.500000,1416.000000,1163.800000,1330.000000,1243.860000,1003.866667,888.730000,127.505859,76.601061,101.809596,79.007143,955.320000,1327.088975,583.551025,87.915365,93.120640,93.519169,92.323581
2023-12-26,1330.000000,1498.700000,1314.300000,1498.700000,1325.020000,1050.713333,913.360000,149.948110,91.270471,117.355280,89.821429,990.945000,1425.694837,556.195163,90.087362,95.413760,94.150699,97.939881
2023-12-27,1587.700000,1744.900000,1552.000000,1744.900000,1440.320000,1113.013333,945.956667,185.462147,110.108806,150.706682,102.057143,1038.675000,1577.760369,499.589631,91.856459,96.942506,95.081302,100.664916
2023-12-28,1660.000000,1849.000000,1570.000000,1719.400000,1536.840000,1169.633333,977.400000,209.138818,129.914808,158.448019,119.228571,1083.195000,1691.937315,474.452685,89.432448,93.140242,94.434282,90.552163
2023-12-29,1671.200000,1700.000000,1510.000000,1643.000000,1587.200000,1219.566667,1006.770000,219.210981,147.774043,142.873876,131.721429,1124.420000,1768.342586,480.497414,83.252732,87.042620,91.970395,77.187071
2024-01-02,1850.000000,1924.800000,1850.000000,1924.800000,1706.160000,1287.860000,1045.633333,247.083918,167.636018,158.895800,149.364286,1179.440000,1899.026804,459.853196,86.536108,91.361747,91.767512,90.550216
2024-01-03,2345.000000,2353.900000,2216.600000,2353.900000,1877.200000,1384.126667,1099.630000,300.336117,194.176038,212.320159,177.321429,1257.335000,2124.338549,390.331451,90.555771,94.241164,92.592063,97.539368
2024-01-04,2549.800000,2650.000000,2110.300000,2446.400000,2017.500000,1487.686667,1156.566667,346.014210,224.543672,242.941075,212.421429,1339.135000,2328.643317,349.626683,91.354818,91.594320,92.259482,90.263997
2024-01-05,2379.000000,2380.000000,2187.800000,2275.500000,2128.720000,1580.320000,1207.963333,364.225658,252.480069,223.491178,229.328571,1409.405000,2456.594722,362.215278,83.661889,85.996716,90.171893,77.646361
2024-01-08,2335.400000,2430.000000,2129.000000,2177.500000,2235.620000,1665.540000,1255.250000,366.525504,275.289156,182.472695,245.078571,1473.580000,2544.815292,402.344708,79.047434,78.872907,86.405565,63.807593
2024-01-09,1900.000000,1900.000000,1773.400000,1773.400000,2205.340000,1718.453333,1288.796667,331.914551,286.614235,90.600632,265.700000,1517.230000,2560.916711,473.543289,64.462107,60.283693,77.698274,25.454530
2024-01-10,1512.000000,1895.000000,1506.000000,1773.700000,2089.300000,1763.840000,1321.713333,301.039137,289.499216,23.079843,286.814286,1560.420000,2569.192978,551.647022,63.288694,47.989245,67.795264,8.377206
2024-01-11,1848.000000,1899.000000,1754.000000,1809.000000,1961.820000,1806.546667,1355.670000,276.234307,286.846234,-21.223854,290.992857,1606.220000,2569.558344,642.881656,62.747282,40.821501,58.804010,4.856484
2024-01-12,2006.700000,2173.500000,1900.300000,2157.100000,1938.140000,1867.900000,1399.940000,281.421015,285.761190,-8.680350,306.000000,1669.775000,2600.203967,739.346033,65.706903,46.185779,54.597933,29.361472
2024-01-15,2300.000000,2341.300000,2056.000000,2068.300000,1916.300000,1913.040000,1441.600000,275.193837,283.647719,-16.907764,308.364286,1728.230000,2599.860342,856.599658,64.971408,47.174552,52.123473,37.276711
2024-01-16,2269.800000,2269.800000,2020.000000,2039.600000,1969.540000,1960.346667,1482.106667,264.889424,279.896060,-30.013274,313.035714,1781.225000,2587.678851,974.771149,61.628757,46.997487,50.414811,40.162839
2024-01-17,2015.000000,2145.000000,1900.000000,1926.800000,2000.160000,1988.886667,1519.800000,244.799191,272.876687,-56.154990,312.950000,1822.920000,2563.030722,1082.809278,54.148611,46.512033,49.113885,41.308330
2024-01-18,1950.000000,1999.000000,1888.000000,1965.200000,2031.400000,2003.573333,1558.293333,229.332495,264.167848,-69.670707,300.950000,1862.760000,2537.410957,1188.109043,55.573191,47.573679,48.600483,45.520070
2024-01-19,1985.600000,1999.000000,1850.700000,1867.600000,1973.500000,2013.453333,1591.543333,206.815481,252.697375,-91.763787,296.585714,1894.300000,2501.326083,1287.273917,55.044017,46.145731,47.782232,42.872729
2024-01-22,1820.000000,1988.000000,1755.000000,1982.200000,1956.280000,2036.066667,1627.816667,195.958956,241.349691,-90.781471,293.100000,1923.850000,2483.443068,1364.256932,51.393745,49.766973,48.443813,52.413295
2024-01-23,1991.100000,2099.000000,1892.000000,2025.100000,1953.380000,2042.753333,1665.306667,188.642202,230.808193,-84.331982,277.235714,1958.605000,2444.375457,1472.834543,40.173341,48.564781,48.484135,48.726071
2024-01-24,2000.000000,2076.500000,1957.700000,1978.700000,1963.760000,2017.740000,1700.933333,177.058510,220.058257,-85.999493,247.171429,1982.605000,2417.465570,1547.744430,35.626037,45.094697,47.354322,40.575445
2024-01-25,1978.800000,2030.000000,1948.800000,1980.500000,1966.820000,1986.680000,1737.183333,166.108797,209.268365,-86.319136,234.500000,1994.385000,2414.652595,1574.117405,39.882014,42.883644,45.864096,36.922739
2024-01-26,1998.800000,2063.800000,1950.000000,1973.600000,1988.020000,1966.553333,1773.436667,155.086556,198.432003,-86.690893,221.128571,2007.095000,2407.240350,1606.949650,42.540426,42.743460,44.823884,38.582612
2024-01-29,1974.000000,1998.000000,1883.000000,1908.000000,1973.180000,1948.586667,1807.063333,139.450481,186.635699,-94.370435,200.478571,2020.345000,2385.770730,1654.919270,56.545419,41.572563,43.740110,37.237468
2024-01-30,1900.000000,1987.000000,1850.000000,1939.600000,1956.080000,1959.666667,1839.060000,128.131614,174.934882,-93.606536,182.478571,2021.085000,2385.755229,1656.414771,57.829165,45.602639,44.360953,48.086010
2024-01-31,1950.000000,1972.000000,1859.600000,1924.900000,1945.320000,1969.746667,1866.793333,116.630716,163.274049,-93.286665,180.150000,1999.635000,2330.808183,1668.461817,55.578015,46.864938,45.195615,50.203583
2024-02-01,1900.000000,1925.000000,1881.000000,1910.200000,1931.260000,1976.493333,1891.520000,105.118267,151.642892,-93.049251,157.257143,1972.825000,2230.336818,1715.313182,32.501772,46.282051,45.557760,47.730634
2024-02-02,1808.000000,1860.000000,1651.600000,1701.500000,1876.840000,1946.120000,1907.010000,78.252180,136.964750,-117.425140,155.350000,1944.125000,2187.138925,1701.111075,27.780470,34.572478,41.895999,19.925434
2024-02-05,1750.000000,1830.000000,1719.300000,1769.600000,1849.160000,1926.206667,1919.623333,61.743967,121.920593,-120.353253,146.685714,1923.730000,2152.314137,1695.145863,34.389454,32.305399,38.699132,19.517931
2024-02-06,1780.000000,1810.900000,1755.200000,1808.700000,1822.980000,1910.813333,1935.580000,51.225635,107.781602,-113.111933,133.164286,1925.495000,2149.694793,1701.295207,42.535710,34.241121,37.213129,28.297106
2024-02-07,1846.000000,2138.600000,1830.600000,2063.000000,1850.600000,1919.893333,1954.390000,62.687049,98.762691,-72.151284,148.800000,1939.960000,2160.219430,1719.700570,54.856008,50.986210,41.804156,69.350317
2024-02-08,2064.000000,2160.000000,2040.000000,2107.800000,1890.120000,1929.400000,1966.486667,74.526196,93.915392,-38.778392,146.778571,1954.900000,2178.270450,1731.529550,62.586460,63.901638,49.169983,93.364947
2024-02-19,2150.000000,2220.000000,2120.000000,2189.900000,1987.800000,1950.886667,1982.170000,89.501867,93.032687,-7.061639,138.150000,1956.540000,2186.544379,1726.535621,61.267224,74.169236,57.503067,107.501574
2024-02-20,2149.900000,2170.000000,2030.000000,2045.100000,2042.900000,1955.080000,1995.573333,88.663982,92.158946,-6.989928,134.785714,1955.380000,2183.235093,1727.524907,50.976944,72.522630,62.509588,92.548712
2024-02-21,2030.000000,2129.900000,1983.000000,2054.100000,2091.980000,1957.013333,1999.883333,87.715052,91.270167,-7.110231,136.792857,1956.105000,2185.177431,1727.032569,53.822754,71.952689,65.657288,84.543490
2024-02-22,2049.900000,2077.600000,2000.000000,2054.700000,2090.320000,1962.080000,1989.910000,86.019849,90.220104,-8.400508,136.535714,1962.500000,2195.239574,1729.760426,53.766497,71.607915,67.640831,79.542084
2024-02-23,2049.900000,2100.000000,2024.000000,2045.000000,2077.760000,1966.380000,1976.530000,82.937627,88.763608,-11.651962,133.835714,1966.490000,2202.142366,1730.837634,53.614092,69.421587,68.234416,71.795929
2024-02-26,2002.000000,2020.000000,1940.000000,1965.500000,2032.880000,1965.840000,1966.196667,73.235742,85.658035,-24.844586,133.121429,1971.385000,2202.410041,1740.359959,52.870121,61.362814,65.943882,52.200677
2024-02-27,1949.900000,1949.900000,1862.000000,1878.000000,1999.460000,1963.840000,1956.213333,57.819898,80.090408,-44.541019,130.728571,1966.175000,2200.844137,1731.505863,47.087746,44.966067,58.951277,16.995647
2024-02-28,1886.000000,1945.000000,1886.000000,1931.700000,1974.980000,1963.313333,1961.490000,49.366802,73.945686,-49.157769,127.485714,1961.505000,2194.950952,1728.059048,50.310049,36.467136,51.456563,6.488281
2024-02-29,1931.300000,1938.000000,1890.000000,1904.000000,1944.840000,1961.920000,1965.833333,39.971734,67.150896,-54.358323,127.771429,1957.770000,2192.444674,1723.095326,49.720620,28.222038,43.711722,-2.757328
2024-03-01,1800.000000,1855.400000,1758.000000,1780.000000,1891.840000,1953.240000,1964.866667,22.263670,58.173451,-71.819561,119.728571,1947.745000,2195.117921,1700.372079,53.829642,20.594628,36.006024,-10.228165
2024-03-04,1802.000000,1857.000000,1731.800000,1831.000000,1864.940000,1961.873333,1953.996667,12.204490,48.979659,-73.550337,119.492857,1940.615000,2193.019290,1688.210710,53.046239,22.035872,31.349307,3.409004
2024-03-05,1850.000000,1891.200000,1795.000000,1802.500000,1849.840000,1964.066667,1945.136667,1.910779,39.565883,-75.310208,122.385714,1935.340000,2194.921910,1675.758090,49.689130,21.091089,27.929901,7.413465
2024-03-06,1731.000000,1818.500000,1731.000000,1781.600000,1819.820000,1962.260000,1936.536667,-7.843106,30.084085,-75.854382,105.071429,1927.440000,2195.939843,1658.940157,31.578947,18.631638,24.830480,6.233955
2024-03-07,1802.000000,1866.100000,1781.400000,1794.300000,1797.880000,1944.346667,1932.120000,-14.382553,21.190757,-71.146621,102.550000,1920.910000,2195.942927,1645.877073,28.577286,19.722130,23.127697,12.910997
2024-03-08,1808.000000,1840.600000,1802.000000,1824.000000,1806.680000,1925.426667,1927.413333,-16.972917,13.558023,-61.061879,97.842857,1916.600000,2195.020394,1638.179606,23.067864,27.309804,24.521733,32.885948
2024-03-11,1829.500000,1899.000000,1806.200000,1815.000000,1803.480000,1900.433333,1925.660000,-19.526930,6.941032,-52.935923,93.050000,1922.275000,2186.499999,1658.050001,28.831647,31.290648,26.778038,40.315870
2024-03-12,1755.000000,1813.000000,1755.000000,1803.500000,1803.680000,1884.326667,1919.703333,-22.222786,1.108268,-46.662110,86.842857,1923.970000,2184.479995,1663.460005,27.051282,32.535150,28.697075,40.211301
2024-03-13,1790.000000,1830.000000,1760.000000,1794.900000,1806.340000,1867.046667,1912.030000,-24.767714,-4.066928,-41.401571,86.300000,1923.280000,2185.145089,1661.414911,26.552347,34.368672,30.587608,41.930800
2024-03-14,1830.000000,1855.000000,1760.200000,1776.000000,1802.680000,1848.466667,1905.273333,-27.987042,-8.850951,-38.272182,87.642857,1908.930000,2170.010573,1647.849427,26.118608,31.841019,31.005411,33.512235
2024-03-15,1799.000000,1820.000000,1696.000000,1797.200000,1797.320000,1831.946667,1899.163333,-28.499199,-12.780600,-31.437197,89.000000,1893.400000,2141.290154,1645.509846,33.333333,37.844752,33.285192,46.963872
2024-03-18,1791.800000,1859.300000,1778.200000,1826.100000,1799.540000,1822.653333,1894.246667,-26.270271,-15.478535,-21.583473,87.400000,1875.210000,2081.370274,1669.049726,44.185525,46.592724,37.721036,64.336102
2024-03-19,1908.000000,1939.400000,1861.000000,1918.000000,1822.440000,1825.320000,1894.580000,-16.893529,-15.761533,-2.263992,90.707143,1868.855000,2060.273764,1677.436236,48.586171,61.464446,45.635506,93.122326
2024-03-20,1925.000000,1950.000000,1880.000000,1910.900000,1845.640000,1823.933333,1893.623333,-9.920943,-14.593415,9.344945,92.278571,1861.695000,2033.663289,1689.726711,50.743695,69.178397,53.483136,100.568918
2024-03-21,1935.000000,2141.500000,1913.000000,2096.300000,1909.700000,1836.753333,1899.336667,10.444713,-9.585790,40.061006,98.321429,1863.775000,2046.257436,1681.292564,80.106606,76.070297,61.012190,106.186511
2024-03-22,2084.900000,2122.600000,1991.500000,2010.100000,1952.280000,1852.093333,1902.666667,19.405330,-3.787566,46.385791,98.742857,1862.030000,2037.758164,1686.301836,65.976806,74.215215,65.413198,91.819248
2024-03-25,1830.300000,1952.000000,1816.000000,1922.900000,1971.640000,1858.220000,1910.046667,19.248487,0.819645,36.857685,105.735714,1859.900000,2031.327579,1688.472421,59.722222,66.453989,65.760128,67.841710
2024-03-26,1872.900000,1896.000000,1750.000000,1786.900000,1945.420000,1857.180000,1910.623333,8.057246,2.267165,11.580162,111.835714,1855.345000,2029.566063,1681.123937,50.360888,51.104006,60.874754,31.562510
2024-03-27,1810.000000,1860.000000,1730.000000,1846.800000,1932.600000,1861.526667,1911.893333,3.975707,2.608874,2.733667,115.071429,1851.100000,2021.584869,1680.615131,53.358925,45.352540,55.700683,24.656254
2024-03-28,1846.800000,1878.500000,1781.000000,1815.000000,1876.340000,1862.906667,1903.626667,-1.804140,1.726271,-7.060821,118.728571,1846.650000,2015.963120,1677.336880,49.425727,37.120405,49.507257,12.346702
2024-03-29,1805.000000,1859.000000,1765.500000,1833.600000,1841.040000,1863.546667,1894.486667,-4.828189,0.415379,-10.487135,118.778571,1849.330000,2015.875307,1682.784693,51.172466,33.138998,44.051171,11.314654
2024-04-01,1848.800000,1913.000000,1826.000000,1875.300000,1831.520000,1867.566667,1884.000000,-3.815940,-0.430885,-6.770111,120.707143,1851.545000,2018.242134,1684.847866,54.359971,33.862613,40.654985,20.277869
2024-04-02,1901.000000,2049.900000,1901.000000,2042.500000,1882.640000,1883.500000,1883.913333,10.358510,1.726994,17.263032,128.178571,1863.545000,2048.887408,1678.202592,62.606925,47.888968,43.066312,57.534278
2024-04-03,2050.000000,2098.700000,2002.000000,2047.100000,1922.700000,1900.313333,1883.680000,21.712755,5.724146,31.977217,128.314286,1876.820000,2075.035211,1678.604789,64.007440,58.849055,48.327227,79.892712
2024-04-08,1906.300000,2014.200000,1868.000000,1952.600000,1950.220000,1912.086667,1880.276667,22.822630,9.143843,27.357574,132.250000,1884.735000,2081.714371,1687.755629,57.463977,59.357466,52.003973,74.064452
2024-04-09,1961.200000,2009.900000,1955.000000,1970.900000,1977.680000,1923.666667,1877.806667,24.891933,12.293461,25.196943,130.550000,1892.080000,2090.473990,1693.686010,57.026398,61.350868,55.119605,73.813395
2024-04-10,2050.000000,2108.000000,2030.200000,2081.000000,2018.820000,1940.660000,1881.656667,35.012418,16.837253,36.350332,132.250000,1905.380000,2117.225262,1693.534738,57.772268,71.852960,60.697390,94.164100
2024-04-11,2100.000000,2125.000000,2038.200000,2054.800000,2021.280000,1949.780000,1887.550000,40.452543,21.560311,37.784465,133.450000,1917.945000,2134.113399,1701.776601,56.738784,74.726266,65.373682,93.431435
2024-04-12,2125.000000,2192.800000,2062.000000,2192.000000,2050.260000,1968.520000,1896.226667,55.198481,28.287945,53.821073,126.835714,1937.800000,2177.994369,1697.605631,54.693477,83.088437,71.278600,106.708110
2024-04-15,2230.000000,2288.000000,2155.000000,2287.000000,2117.140000,1981.233333,1908.993333,73.700872,37.370530,72.660683,126.971429,1963.350000,2237.402892,1689.297108,63.463970,88.653474,77.070225,111.819973
2024-04-16,2294.100000,2345.200000,2233.000000,2276.200000,2178.200000,1998.973333,1925.533333,86.495612,47.195547,78.600131,121.121429,1987.300000,2283.075854,1691.524146,68.557622,87.615868,80.585439,101.676724
2024-04-17,2285.000000,2345.000000,2215.000000,2337.100000,2229.420000,2026.586667,1942.403333,100.392396,57.834916,85.114959,118.057143,2012.850000,2336.924225,1688.775775,81.375456,91.178111,84.116330,105.301674
2024-04-18,2319.900000,2436.000000,2297.700000,2433.000000,2305.060000,2069.660000,1963.420000,117.786259,69.825185,95.922148,118.650000,2038.600000,2409.412122,1667.787878,82.109991,93.942684,87.391781,107.044491
2024-04-19,2440.000000,2740.000000,2420.100000,2629.200000,2392.500000,2121.820000,1991.673333,145.722918,85.004732,121.436373,134.535714,2074.515000,2524.037803,1624.992197,87.792425,91.256906,88.680156,96.410406
2024-04-22,2629.900000,2704.000000,2512.000000,2573.100000,2449.720000,2172.360000,2017.633333,161.474740,100.298733,122.352014,141.571429,2098.355000,2600.263268,1596.446732,83.170360,86.333382,87.897898,83.204350
2024-04-23,2639.400000,2649.200000,2500.000000,2557.000000,2505.880000,2220.586667,2042.066667,170.691413,114.377269,112.628288,146.014286,2125.700000,2665.523145,1585.876855,81.296483,82.196987,85.997594,74.595771
2024-04-24,2565.100000,2692.000000,2532.000000,2681.600000,2574.780000,2274.340000,2070.953333,185.906853,128.683186,114.447334,144.971429,2163.635000,2748.228168,1579.041832,80.535117,85.260135,85.751774,84.276855
2024-04-25,2750.000000,2871.700000,2681.100000,2815.000000,2651.180000,2325.840000,2104.670000,206.350780,144.216705,124.268151,151.678571,2215.040000,2839.591408,1590.488592,82.668255,87.536336,86.346628,89.915752
2024-04-26,2838.000000,2999.000000,2766.000000,2981.400000,2721.620000,2388.126667,2144.220000,233.290600,162.031484,142.518233,155.528571,2271.770000,2958.508636,1585.031364,91.244387,90.942592,87.878616,97.070542
2024-04-29,2981.400000,2998.500000,2622.000000,2784.300000,2763.860000,2443.573333,2177.830000,236.015638,176.828315,118.374646,178.328571,2320.235000,3008.056630,1632.413370,78.520337,84.833326,86.863520,80.772940
2024-04-30,2870.100000,2989.000000,2811.200000,2982.600000,2848.980000,2511.020000,2217.343333,251.279805,191.718613,119.122385,183.157143,2377.685000,3085.999834,1669.370166,79.771496,89.109380,87.612140,92.103859
2024-05-06,2985.100000,3104.000000,2914.000000,3100.900000,2932.840000,2579.013333,2259.836667,269.812360,207.337362,124.949996,190.528571,2438.965000,3175.766984,1702.163016,82.562411,92.588492,89.270924,99.223629
2024-05-07,3103.200000,3149.000000,3012.000000,3098.900000,2989.620000,2648.620000,2299.200000,281.097840,222.089458,118.016764,190.457143,2491.785000,3259.721015,1723.848985,80.823873,92.485805,90.342551,96.772314
2024-05-08,3120.000000,3196.500000,3055.800000,3195.000000,3032.340000,2715.486667,2342.003333,294.402442,236.552055,115.700775,191.007143,2549.180000,3348.137222,1750.222778,80.838201,94.918749,91.867950,101.020347
2024-05-09,3165.600000,3509.900000,3165.600000,3486.200000,3172.720000,2795.433333,2388.333333,324.700892,254.181822,141.038139,207.585714,2625.860000,3476.442758,1775.277242,84.520142,95.804646,93.180182,101.053573
2024-05-10,3500.000000,3620.000000,3389.000000,3576.000000,3291.400000,2882.086667,2440.530000,351.902231,273.725904,156.352654,214.800000,2706.115000,3598.369213,1813.860787,84.771260,95.733491,94.031285,99.137904
2024-05-13,3560.000000,4034.300000,3560.000000,4008.900000,3473.000000,2993.540000,2510.063333,403.736873,299.728098,208.017551,238.800000,2802.510000,3818.404584,1786.615416,87.193769,96.556166,94.872912,99.922674
2024-05-14,4000.000000,4020.000000,3630.000000,3728.200000,3598.860000,3079.886667,2574.773333,417.355047,323.253488,188.203119,243.807143,2886.180000,3918.297591,1854.062409,74.943259,90.479489,93.408438,84.621591
2024-05-15,3860.000000,4038.000000,3668.000000,4033.500000,3766.560000,3173.506667,2647.663333,447.622790,348.127348,198.990884,256.521429,2978.255000,4076.091929,1880.418071,79.777343,93.530723,93.449200,93.693771
2024-05-16,4260.100000,4321.900000,3900.000000,3931.000000,3855.520000,3264.033333,2718.196667,458.059081,370.113695,175.890772,276.000000,3060.455000,4186.198814,1934.711186,77.062160,86.432230,91.110210,77.076271
2024-05-17,4100.000000,4110.000000,3834.000000,4003.500000,3941.020000,3360.466667,2790.526667,466.799091,389.450774,154.696635,284.285714,3146.820000,4284.201165,2009.438835,76.581540,82.852420,88.357613,71.842035
2024-05-20,4070.000000,4194.900000,3870.000000,4191.500000,3977.540000,3461.126667,2867.733333,483.324181,408.225456,150.197451,293.878571,3239.540000,4401.076228,2078.003772,77.084727,85.135165,87.283464,80.838568
2024-05-21,4200.000000,4362.000000,4071.900000,4288.900000,4089.680000,3559.386667,2942.613333,498.533021,426.286969,144.492105,297.957143,3332.335000,4518.835546,2145.834454,76.445128,88.053445,87.540124,89.080086
2024-05-22,4300.000000,4317.100000,4081.300000,4145.000000,4111.980000,3636.960000,3012.543333,493.288289,439.687233,107.202113,287.907143,3408.125000,4599.154182,2217.095818,78.126421,84.601577,86.560609,80.683514
2024-05-23,4120.000000,4183.000000,3956.000000,4128.000000,4151.380000,3726.540000,3085.056667,482.201524,448.190091,68.022866,289.500000,3485.870000,4650.089413,2321.650587,75.594387,80.008699,84.376639,71.272819
2024-05-24,4183.000000,4244.500000,4101.000000,4229.300000,4196.540000,3809.653333,3160.336667,476.101050,453.772283,44.657534,286.178571,3569.485000,4692.286180,2446.683820,75.407548,80.629661,83.127646,75.633690
2024-05-27,4280.000000,4329.000000,4205.000000,4313.100000,4220.860000,3890.466667,3234.740000,472.580723,457.533971,30.093505,285.250000,3651.060000,4738.768911,2563.351089,76.368138,84.737737,83.664343,86.884526
2024-05-28,4330.000000,4444.000000,4165.000000,4193.400000,4201.760000,3963.433333,3306.026667,454.888380,457.004853,-4.232946,295.128571,3719.980000,4758.188247,2681.771753,71.461737,76.131169,81.153285,66.086937
2024-05-29,4190.000000,4297.000000,4110.000000,4260.000000,4224.760000,4034.433333,3374.960000,441.155764,453.835035,-25.358542,283.892857,3783.910000,4787.513299,2780.306701,68.411535,74.032801,78.779791,64.538823
2024-05-30,4240.000000,4314.000000,4095.000000,4138.000000,4226.760000,4077.886667,3436.660000,415.636982,446.195424,-61.116884,283.035714,3851.595000,4748.235209,2954.954791,63.170229,64.918499,74.159360,46.436778
2024-05-31,4138.000000,4301.000000,4075.800000,4297.500000,4240.400000,4125.986667,3504.036667,403.630678,437.682475,-68.103595,265.242857,3917.340000,4735.046455,3099.633545,57.757230,66.605502,71.641408,56.533692
2024-06-03,4280.000000,4391.200000,4100.000000,4188.600000,4215.500000,4137.966667,3565.753333,380.937070,426.333394,-90.792649,258.185714,3971.725000,4700.662427,3242.787573,63.634210,60.291646,67.858154,45.158631
2024-06-04,4248.000000,4635.000000,4177.000000,4614.900000,4299.800000,4197.080000,3638.483333,392.822852,419.631286,-53.616868,264.471429,4047.525000,4706.207771,3388.842229,66.066099,72.541019,69.419109,78.784839
2024-06-05,4600.000000,4600.000000,4380.000000,4480.000000,4343.800000,4226.846667,3700.176667,386.897207,413.084470,-52.374526,251.114286,4111.775000,4662.090454,3561.459546,64.903898,72.454623,70.430947,76.501975
2024-06-06,4496.000000,4628.000000,4489.000000,4592.000000,4434.600000,4270.913333,3767.473333,386.779996,407.823575,-42.087159,241.971429,4167.065000,4673.165886,3660.964114,65.640780,79.073230,73.311708,90.596274
2024-06-07,4546.000000,4739.000000,4546.000000,4728.200000,4520.740000,4319.226667,3839.846667,393.145371,404.887934,-23.485126,232.550000,4224.675000,4709.343615,3740.006385,64.667942,85.505997,77.376471,101.765050
2024-06-11,4720.000000,4798.900000,4200.000000,4419.500000,4566.920000,4334.426667,3897.776667,369.026559,397.715659,-57.378200,254.607143,4245.205000,4726.160350,3764.249650,53.199726,72.847819,75.866920,66.809616
2024-06-12,4434.100000,4579.000000,4333.000000,4570.300000,4558.000000,4353.186667,3956.286667,357.954252,389.763378,-63.618251,255.335714,4287.310000,4723.005862,3851.614138,60.384822,71.360584,74.364808,65.352136
2024-06-13,4671.000000,4680.000000,4462.000000,4650.900000,4592.180000,4386.913333,4011.936667,351.629747,382.136652,-61.013809,254.692857,4318.180000,4765.491438,3870.868562,62.383366,74.084579,74.271398,73.710940
2024-06-14,4690.000000,4750.000000,4631.000000,4744.800000,4622.740000,4428.033333,4077.286667,350.158072,375.740936,-51.165727,252.942857,4358.870000,4805.941990,3911.798010,62.251058,80.142807,76.228535,87.971353
2024-06-17,4750.100000,4845.000000,4620.000000,4834.000000,4643.900000,4468.346667,4139.000000,352.130315,371.018812,-37.776994,260.157143,4400.395000,4862.512016,3938.277984,62.347698,86.212969,79.556680,99.525549
2024-06-18,4930.100000,5028.000000,4868.000000,5028.000000,4765.600000,4516.006667,4203.236667,365.138421,369.842733,-9.408625,254.085714,4442.220000,4971.298037,3913.141963,69.110643,90.808646,83.307335,105.811268
2024-06-19,5022.900000,5059.000000,4887.900000,4917.400000,4835.020000,4564.273333,4263.853333,362.346044,368.343396,-11.994703,252.950000,4473.645000,5037.872530,3909.417470,64.755791,88.377670,84.997447,95.138115
2024-06-20,4950.000000,5300.300000,4940.000000,5297.900000,4964.420000,4633.466667,4333.950000,386.382261,371.951169,28.862184,264.657143,4531.290000,5182.944606,3879.635394,73.327702,92.179072,87.391322,101.754573
2024-06-21,5276.000000,5298.000000,5111.000000,5289.800000,5073.420000,4710.253333,4394.070000,400.164684,377.593872,45.141625,261.928571,4589.380000,5294.595284,3884.164716,71.251124,94.467953,89.750199,103.903461
2024-06-24,5288.000000,5422.500000,5235.000000,5399.000000,5186.420000,4783.686667,4454.836667,415.113709,385.097839,60.031739,254.521429,4647.865000,5418.336881,3877.393119,75.918630,95.592984,91.697794,103.383365
2024-06-25,5300.000000,5338.200000,5225.000000,5294.900000,5239.800000,4857.440000,4497.703333,413.790994,390.836470,45.909047,234.235714,4696.955000,5501.954901,3891.955099,66.891892,92.633740,92.009776,93.881669
2024-06-26,5230.000000,5275.000000,5058.600000,5149.200000,5286.160000,4893.060000,4545.070000,396.416319,391.952440,8.927759,234.335714,4744.745000,5537.262403,3952.227597,66.534888,83.737135,89.252229,72.706948
2024-06-27,5100.000000,5215.000000,5033.000000,5197.900000,5266.160000,4940.920000,4583.883333,382.171018,389.996156,-15.650275,236.764286,4791.640000,5574.319222,4008.960778,65.454267,79.828911,86.111123,67.264486
2024-06-28,5215.000000,5293.000000,5160.000000,5226.000000,5253.400000,4983.186667,4627.050000,368.896540,385.776232,-33.759385,232.478571,4846.040000,5587.592183,4104.487817,63.438074,74.740163,82.320803,59.578884
2024-07-01,5320.000000,5385.000000,5217.300000,5322.000000,5238.000000,5022.773333,4671.000000,361.950478,381.011082,-38.121207,201.678571,4897.265000,5620.588479,4173.941521,77.523635,76.893742,80.511783,69.657659
2024-07-02,5458.800000,5579.100000,5388.000000,5575.000000,5294.020000,5099.806667,4717.116667,372.565951,379.322056,-13.512208,202.471429,4966.585000,5669.391175,4263.778825,78.842510,84.381985,81.801850,89.542256
2024-07-03,5555.000000,5650.000000,5528.000000,5632.200000,5390.620000,5170.600000,4761.893333,381.200115,379.697667,3.004895,195.614286,5017.450000,5759.256400,4275.643600,78.554385,88.626348,84.076683,97.725678
2024-07-04,5588.000000,5811.000000,5541.000000,5788.800000,5508.800000,5246.460000,4816.686667,396.112919,382.980718,26.264403,206.400000,5082.890000,5855.349495,4310.430505,79.309377,91.466408,86.539925,101.319376
2024-07-05,5675.100000,5772.300000,5500.000000,5700.900000,5603.780000,5310.200000,4869.116667,396.270668,385.638708,21.263920,210.957143,5138.335000,5921.550416,4355.119584,74.355228,89.593715,87.557855,93.665436
2024-07-08,5597.900000,5598.000000,5375.000000,5430.000000,5625.380000,5349.933333,4909.140000,370.268098,382.564586,-24.592976,220.378571,5173.425000,5942.020019,4404.829981,60.826242,76.738569,83.951426,62.312855
2024-07-09,5475.000000,5618.000000,5470.000000,5604.800000,5631.340000,5388.386667,4952.196667,359.620295,377.975728,-36.710866,221.585714,5232.690000,5936.580186,4528.799814,67.893586,75.657761,81.186871,64.599540
2024-07-10,5700.000000,5799.000000,5671.600000,5745.300000,5653.960000,5443.580000,5003.926667,358.387739,374.058130,-31.340782,208.107143,5291.440000,5957.681440,4625.198560,63.309139,80.407785,80.927176,79.369004
2024-07-11,5728.000000,5743.800000,5322.000000,5488.000000,5593.800000,5456.253333,5044.860000,332.812514,365.809007,-65.992985,224.985714,5333.295000,5931.841729,4734.748271,55.134715,68.803663,76.886005,52.638979
2024-07-12,5515.000000,5550.000000,5350.000000,5499.900000,5553.600000,5470.260000,5090.256667,309.931497,354.633505,-89.404015,225.878571,5371.050000,5905.081036,4837.018964,52.752769,57.995898,70.589303,32.809089
2024-07-15,5587.000000,5664.300000,5460.000000,5600.000000,5587.600000,5483.660000,5133.673333,296.457977,342.998399,-93.080844,228.042857,5409.350000,5888.231603,4930.468397,58.341992,57.614171,66.264259,40.313995
2024-07-16,5800.000000,5800.000000,5641.500000,5793.000000,5625.240000,5516.866667,5187.153333,297.919374,333.982594,-72.126441,225.450000,5447.600000,5920.397787,4974.802213,67.158849,70.515787,67.681435,76.184490
2024-07-17,4388.800000,4499.000000,4210.000000,4245.500000,5325.280000,5456.620000,5174.840000,172.221956,301.630467,-258.817021,325.521429,5414.005000,6095.051283,4732.958717,35.889534,47.754759,61.039209,21.185859
2024-07-18,4200.000000,4220.000000,3853.100000,3894.500000,5006.580000,5369.726667,5155.323333,43.778430,250.060059,-412.563258,344.050000,5343.835000,6306.299237,4381.370763,31.995565,32.545325,51.541248,-5.446520
2024-07-19,3800.000000,3845.000000,3610.000000,3675.000000,4641.600000,5266.326667,5124.756667,-74.862833,185.075481,-519.876628,352.392857,5263.095000,6481.533536,4044.656464,28.449178,22.686229,41.922908,-15.787130
2024-07-22,3699.000000,3796.000000,3350.700000,3381.900000,4197.980000,5136.986667,5079.880000,-190.343449,109.991695,-600.670287,365.835714,5162.240000,6639.706113,3684.773887,21.601533,15.548764,33.131527,-19.616762
2024-07-23,3514.000000,3656.000000,3233.000000,3374.900000,3714.360000,4990.313333,5045.060000,-279.208963,32.151563,-622.721052,387.335714,5066.240000,6743.422452,3389.057548,20.385191,12.208460,26.157171,-15.688962
2024-07-24,3400.000000,3630.000000,3305.000000,3618.400000,3588.940000,4856.060000,5013.330000,-326.226571,-39.524064,-573.405015,391.264286,4989.700000,6786.402273,3192.997727,22.160082,13.143518,21.819287,-4.208019
2024-07-25,3618.400000,3820.000000,3465.000000,3722.300000,3554.500000,4718.293333,4982.376667,-351.057728,-101.830796,-498.453863,395.992857,4915.920000,6795.883397,3035.956603,24.724067,15.116066,19.584880,6.178438
2024-07-26,3732.100000,3800.000000,3501.000000,3655.100000,3550.520000,4581.906667,4946.053333,-371.872364,-155.839110,-432.066508,394.071429,4837.375000,6792.550448,2882.199552,26.081449,15.558484,18.242748,10.189955
2024-07-29,3760.000000,4074.000000,3670.000000,3926.000000,3659.340000,4481.640000,4915.786667,-362.332009,-197.137690,-330.388638,410.564286,4767.575000,6749.396576,2785.753424,27.947667,28.618768,21.701421,42.453461
2024-07-30,3871.000000,3900.000000,3588.000000,3663.000000,3716.960000,4352.186667,4870.286667,-371.708289,-232.051810,-279.312959,420.835714,4671.975000,6674.160290,2669.789710,23.500216,33.601300,25.668047,49.467804
2024-07-31,3610.000000,3810.000000,3470.000000,3505.300000,3694.340000,4202.853333,4823.216667,-387.398443,-263.121136,-248.554613,414.885714,4565.630000,6578.977907,2552.282093,24.111456,33.193573,28.176556,43.227608
2024-08-01,3505.300000,3575.000000,3394.000000,3515.000000,3652.880000,4071.320000,4763.786667,-394.502712,-289.397451,-210.210521,413.528571,4451.940000,6430.968297,2472.911703,24.067832,33.306219,29.886444,40.145770
2024-08-02,3489.000000,3677.900000,3460.000000,3653.000000,3652.460000,3948.193333,4709.226667,-384.564430,-308.430847,-152.267166,414.500000,4349.545000,6267.457026,2431.632974,24.812419,38.850995,32.874627,50.803730
2024-08-05,3601.000000,3709.000000,3506.700000,3584.700000,3584.200000,3813.840000,4648.750000,-377.843960,-322.313470,-111.060980,414.664286,4257.280000,6133.428593,2381.131407,20.479641,38.024634,34.591296,44.891309
2024-08-06,3615.000000,3678.000000,3553.100000,3626.700000,3576.940000,3669.420000,4593.143333,-364.922292,-330.835234,-68.174116,310.514286,4158.375000,5941.681293,2375.068707,36.155361,36.756619,35.313070,39.643715
2024-08-07,3322.300000,3328.000000,3188.000000,3206.700000,3517.220000,3600.166667,4528.393333,-384.144094,-341.497006,-85.294175,313.821429,4031.445000,5696.629750,2366.260250,35.072489,25.207949,31.944697,11.734454
2024-08-08,3022.500000,3099.800000,2733.000000,2754.900000,3365.200000,3524.193333,4446.960000,-430.867225,-359.371050,-142.992350,327.335714,3894.790000,5504.334825,2285.245175,31.859942,17.349669,27.079687,-2.110367
2024-08-09,2739.000000,2859.000000,2624.800000,2749.500000,3184.500000,3462.493333,4364.410000,-462.994268,-380.095693,-165.797149,312.257143,3757.270000,5255.520920,2259.019080,35.936666,14.826066,22.995147,-1.512097
2024-08-12,2789.000000,2849.800000,2740.300000,2832.000000,3033.960000,3425.833333,4281.410000,-476.307544,-399.338064,-153.938961,289.864286,3618.870000,4895.375894,2342.364106,38.319205,15.711471,20.567255,5.999903
2024-08-13,2888.000000,3029.200000,2767.000000,2818.100000,2872.240000,3388.713333,4189.513333,-482.418999,-415.954251,-132.929496,285.378571,3470.125000,4292.427224,2647.822776,30.893377,16.417252,19.183920,10.883915
2024-08-14,2700.000000,2785.000000,2630.000000,2727.200000,2776.340000,3329.300000,4092.680000,-488.960805,-430.555562,-116.810488,273.457143,3394.210000,4195.173751,2593.246249,26.094268,14.093085,17.486975,7.305305
2024-08-15,2650.000000,2715.000000,2568.000000,2663.700000,2758.100000,3258.726667,3988.510000,-493.579477,-443.160345,-100.838264,263.471429,3332.670000,4160.468636,2504.871364,26.140739,12.191183,15.721711,5.130127
2024-08-16,2677.000000,2800.000000,2662.000000,2677.000000,2743.600000,3193.520000,3887.713333,-490.512288,-452.630733,-75.763109,243.407143,3282.770000,4143.351613,2422.188387,15.686813,11.400729,14.281384,5.639419
2024-08-19,2688.000000,2750.000000,2435.000000,2526.000000,2682.400000,3100.186667,3790.913333,-494.564920,-461.017570,-67.094698,241.764286,3239.975000,4162.682597,2317.267403,16.715457,10.997276,13.186681,6.618465
2024-08-20,2500.000000,2618.000000,2415.200000,2582.000000,2635.180000,3028.120000,3690.153333,-487.636755,-466.341407,-42.590695,231.964286,3200.330000,4165.774107,2234.885893,21.260039,15.453048,13.942137,18.474870
2024-08-21,2580.000000,2668.000000,2480.000000,2649.000000,2619.540000,2971.033333,3586.943333,-471.306862,-467.334498,-7.944728,232.464286,3151.860000,4126.224729,2177.495271,23.972109,22.994757,16.959677,35.064918
2024-08-22,2660.000000,2797.000000,2611.000000,2729.200000,2632.640000,2918.646667,3494.983333,-446.744048,-463.216408,32.944721,230.185714,3102.205000,4055.152093,2149.257907,21.235521,32.376527,22.098627,52.932326
2024-08-23,2700.000000,2750.000000,2605.000000,2643.000000,2625.840000,2851.313333,3399.753333,-429.284930,-456.430113,54.290365,226.092857,3051.600000,3988.276409,2114.923591,21.001417,33.951343,26.049532,49.754966
2024-08-26,2656.200000,2785.900000,2643.000000,2744.400000,2669.520000,2795.293333,3304.566667,-402.625110,-445.669112,86.088005,227.378571,2992.520000,3841.973118,2143.066882,23.789436,51.151207,34.416757,84.620108
2024-08-27,2699.000000,2699.000000,2520.000000,2575.000000,2668.120000,2725.180000,3197.300000,-390.662856,-434.667861,88.010010,212.071429,2938.120000,3745.070422,2131.169578,27.951134,47.943494,38.925670,65.979142
2024-08-28,2560.000000,2565.000000,2420.000000,2420.000000,2622.320000,2672.733333,3136.450000,-389.203394,-425.574967,72.743147,189.307143,2883.855000,3676.042385,2091.667615,35.255789,32.378130,36.743156,23.648076
2024-08-29,2350.000000,2475.900000,2320.000000,2433.100000,2563.100000,2651.280000,3087.736667,-382.579560,-416.975886,68.792652,183.714286,2829.760000,3587.488562,2072.031438,36.164072,29.488984,34.325099,19.816754
2024-08-30,2400.000000,2458.700000,2250.000000,2250.100000,2484.520000,2617.986667,3040.240000,-387.628356,-411.106380,46.956048,190.800000,2759.615000,3453.513207,2065.716793,26.609856,19.665416,29.438538,0.119173
2024-09-02,2218.300000,2249.900000,2075.300000,2076.700000,2350.980000,2567.633333,2996.733333,-400.999027,-409.084909,16.171765,184.557143,2684.215000,3326.415881,2042.014119,23.585578,13.174940,24.017339,-8.509858
2024-09-03,2098.000000,2222.000000,2066.000000,2134.900000,2262.960000,2522.086667,2955.400000,-402.262099,-407.720347,10.916496,182.264286,2609.625000,3124.907242,2094.342758,28.394251,11.925108,19.986595,-4.197866
2024-09-04,2110.000000,2117.900000,2001.600000,2010.000000,2180.960000,2474.273333,2901.786667,-408.631035,-407.902485,-1.457101,180.414286,2549.790000,3050.872415,2048.707585,27.176873,8.307078,16.093423,-7.265611
2024-09-05,2010.000000,2055.000000,1722.100000,1850.000000,2064.340000,2420.026667,2839.376667,-421.727711,-410.667530,-22.120362,194.335714,2504.545000,3084.806424,1924.283576,23.809222,9.545698,13.910848,0.815398
2024-09-06,1850.000000,1858.000000,1680.600000,1735.000000,1961.320000,2357.226667,2775.373333,-436.356415,-415.805307,-41.102216,184.507143,2453.820000,3115.568372,1792.071628,24.364791,8.144369,11.988688,0.455731
2024-09-09,1713.800000,1713.800000,1576.000000,1607.500000,1867.480000,2295.993333,2698.090000,-453.015868,-423.247419,-59.536897,181.378571,2392.595000,3129.350938,1655.839062,19.816639,6.491258,10.156212,-0.838649
2024-09-10,1593.900000,1803.000000,1590.300000,1714.900000,1783.480000,2238.186667,2633.153333,-452.338050,-429.065545,-46.545009,183.142857,2337.435000,3104.618190,1570.251810,21.774340,9.472521,9.928315,8.560935
2024-09-11,1688.800000,1950.000000,1609.400000,1916.700000,1764.820000,2189.366667,2580.200000,-430.554141,-429.363265,-2.381753,194.185714,2296.910000,3063.029875,1530.790125,27.129426,19.180843,13.012491,31.517546
2024-09-12,1915.000000,1916.000000,1770.300000,1820.200000,1758.860000,2128.766667,2523.706667,-416.278382,-426.746288,20.935812,194.285714,2254.735000,3028.666359,1480.803641,26.973021,24.866172,16.963718,40.671080
2024-09-13,1810.000000,1862.700000,1750.000000,1790.000000,1769.860000,2071.900000,2461.606667,-402.758874,-421.948805,38.379863,192.128571,2210.385000,2984.089519,1436.680481,22.181415,27.619760,20.515732,41.827815
2024-09-18,1702.000000,1750.000000,1666.600000,1692.000000,1786.760000,2001.740000,2398.516667,-395.394485,-416.637941,42.486911,184.914286,2168.685000,2960.454654,1376.915346,23.144769,25.548561,22.193341,32.259000
2024-09-19,1735.000000,1788.000000,1651.000000,1739.000000,1791.580000,1946.006667,2335.593333,-381.369458,-409.584245,56.429573,183.628571,2126.535000,2915.410093,1337.659907,27.832031,28.375450,24.254044,36.618261
2024-09-20,1702.900000,1749.300000,1681.000000,1691.600000,1746.560000,1897.446667,2285.090000,-369.816294,-401.630655,63.628720,177.371429,2078.665000,2850.048804,1307.281196,26.389862,29.219997,25.909362,35.841267
2024-09-23,1694.900000,1879.900000,1693.600000,1800.700000,1742.660000,1855.286667,2253.283333,-347.847106,-390.873945,86.053678,175.914286,2032.240000,2748.571262,1315.908738,34.983962,39.506736,30.441820,57.636568
2024-09-24,1791.600000,2075.300000,1782.100000,2014.300000,1787.520000,1839.566667,2228.776667,-309.631393,-374.625434,129.988083,184.371429,2000.805000,2656.934103,1344.675897,47.969543,55.478717,38.787452,88.861247
2024-09-25,2050.000000,2230.000000,1951.800000,1985.100000,1846.140000,1833.460000,2200.546667,-278.491089,-355.398565,153.814952,193.100000,1962.840000,2517.890865,1407.789135,45.031839,57.165208,44.913371,81.668882
2024-09-26,1979.000000,2069.000000,1928.000000,2025.400000,1903.420000,1826.160000,2174.123333,-247.704913,-333.859835,172.309844,193.650000,1935.360000,2411.630120,1459.089880,50.541110,59.664543,49.830428,79.332772
2024-09-27,2066.000000,2215.000000,2050.200000,2141.200000,1993.340000,1834.906667,2154.590000,-211.524234,-309.392715,195.736961,183.414286,1921.420000,2352.102575,1490.737425,60.559907,67.997433,55.886096,92.220105
2024-09-30,2396.800000,2540.400000,2235.500000,2540.400000,2141.280000,1880.933333,2150.480000,-148.922002,-277.298572,256.753140,199.257143,1926.785000,2386.031450,1467.538550,74.215274,78.664955,63.479049,109.036767
2024-10-08,2250.000000,2270.000000,1825.800000,1900.000000,2118.420000,1891.933333,2124.580000,-149.263592,-251.691576,204.855968,238.942857,1909.280000,2342.594285,1475.965715,56.721357,61.775437,62.911179,59.503955
2024-10-09,1850.000000,1975.000000,1816.000000,1926.000000,2106.600000,1913.166667,2104.580000,-145.756136,-230.504488,169.496704,235.107143,1901.745000,2327.984520,1475.505480,55.039389,50.686379,58.836245,34.386646
2024-10-10,1940.000000,2191.100000,1938.000000,2191.100000,2139.740000,1944.913333,2091.550000,-120.199512,-208.443493,176.487962,229.714286,1904.555000,2337.947432,1471.162568,56.358328,53.374449,57.015647,46.092055
2024-10-11,2492.900000,2494.300000,2345.000000,2494.300000,2210.360000,1983.420000,2086.393333,-74.619827,-181.678760,214.117866,240.914286,1928.770000,2434.971737,1422.568263,64.254599,66.889837,60.307043,80.055424
2024-10-14,2560.000000,2894.500000,2505.000000,2660.000000,2234.280000,2039.406667,2084.086667,-24.840645,-150.311137,250.940984,261.450000,1969.270000,2569.766030,1368.773970,67.400000,70.678837,63.764308,84.507896
2024-10-15,2660.000000,2798.000000,2550.000000,2768.800000,2408.040000,2104.660000,2088.280000,23.122425,-115.624424,277.493699,270.350000,2020.960000,2708.251742,1333.668258,71.443365,76.567533,68.032050,93.638499
2024-10-16,2769.000000,2924.800000,2741.000000,2836.000000,2590.040000,2180.926667,2091.333333,65.797509,-79.340038,290.275094,273.692857,2082.385000,2830.946797,1333.823203,71.671276,81.708802,72.590967,99.944473
2024-10-17,2836.000000,2918.000000,2655.000000,2735.900000,2699.000000,2247.386667,2096.696667,90.497390,-45.372552,271.739884,287.600000,2133.435000,2915.005915,1351.864085,70.209390,82.127056,75.769664,94.841842
2024-10-18,2750.000000,2905.000000,2683.000000,2900.700000,2780.280000,2327.993333,2112.720000,121.964278,-11.905186,267.738928,290.007143,2182.635000,3028.038787,1337.231213,70.838069,87.360197,79.633175,102.814242
2024-10-21,2870.000000,3222.000000,2850.000000,3197.700000,2887.820000,2421.126667,2138.206667,168.920224,24.259896,289.320656,295.635714,2251.510000,3191.720888,1311.299112,71.731306,90.997362,83.421237,106.149613
2024-10-22,3150.000000,3203.200000,3011.000000,3015.500000,2937.160000,2487.873333,2163.720000,189.249581,57.257833,263.983496,289.492857,2312.785000,3285.527208,1340.042792,67.915015,88.637390,85.159955,95.592260
2024-10-23,3050.000000,3105.000000,2856.000000,2979.800000,2965.920000,2554.186667,2193.823333,200.172586,85.840784,228.663605,297.207143,2377.175000,3347.383194,1406.966806,66.620228,83.219302,84.513070,80.631764
2024-10-24,2971.200000,3322.000000,2932.000000,3213.300000,3061.400000,2633.380000,2229.770000,225.076108,113.687848,222.776518,311.521429,2450.890000,3440.770735,1461.009265,67.934692,84.377943,84.468028,84.197773
2024-10-25,3206.800000,3295.000000,3124.100000,3200.900000,3121.440000,2704.026667,2269.466667,241.033270,139.156933,203.752675,295.214286,2526.355000,3502.539597,1550.170403,62.691672,84.356453,84.430836,84.207685
2024-10-28,3247.000000,3350.000000,3172.000000,3199.800000,3121.860000,2747.986667,2314.460000,250.700753,161.465697,178.470113,256.885714,2596.310000,3553.886623,1638.733377,83.110862,82.367131,83.742935,79.615525
2024-10-29,2900.000000,3088.000000,2890.000000,2999.000000,3118.560000,2821.253333,2356.593333,239.399770,177.052511,124.694517,267.657143,2645.545000,3578.053624,1713.036376,75.098241,71.410222,79.632030,54.966605
2024-10-30,2969.900000,3139.000000,2938.000000,3133.000000,3149.200000,2901.720000,2407.443333,238.506979,189.343405,98.327148,263.078571,2702.940000,3605.102274,1800.777726,73.471219,70.095570,76.453210,57.380290
2024-10-31,3078.100000,3237.800000,3078.100000,3227.400000,3152.020000,2970.806667,2457.860000,242.619955,199.998715,85.242481,252.828571,2763.040000,3634.791689,1891.288311,70.389943,71.890380,74.932267,65.806607
2024-11-01,3238.000000,3258.000000,3133.000000,3152.100000,3142.260000,3014.660000,2499.040000,237.070635,207.413099,59.315073,233.171429,2813.585000,3650.037918,1977.132082,64.411644,67.906677,72.590404,58.539224
2024-11-04,2820.000000,2939.900000,2744.300000,2794.100000,3061.120000,3023.600000,2531.503333,201.462813,206.223042,-9.520457,244.585714,2826.270000,3652.916425,1999.623575,50.646563,48.011749,64.397519,15.240209
2024-11-05,2830.000000,3145.800000,2802.600000,3071.000000,3075.520000,3043.746667,2574.203333,193.357963,203.650026,-20.584126,256.578571,2884.820000,3592.557699,2177.082301,55.424245,49.987030,59.594023,30.773045
2024-11-06,3022.500000,3090.000000,2929.000000,3014.100000,3051.740000,3055.620000,2618.273333,180.265469,198.973115,-37.415292,249.292857,2939.225000,3485.488776,2392.961224,56.552049,48.172521,55.786855,32.943853
2024-11-07,3033.000000,3296.000000,3030.000000,3270.900000,3060.440000,3091.286667,2669.336667,188.438979,196.866288,-16.854617,253.571429,2993.215000,3430.777248,2555.652752,58.356659,61.095257,57.556323,68.173127
2024-11-08,3322.000000,3471.800000,3250.000000,3320.600000,3094.140000,3119.280000,2723.636667,196.659946,196.825019,-0.330146,242.842857,3034.530000,3427.511746,2641.548254,53.122935,67.135670,60.749438,79.908133
2024-11-11,3299.000000,3426.000000,2961.200000,3244.000000,3184.120000,3122.366667,2771.746667,194.749194,196.409854,-3.321320,262.314286,3063.730000,3425.048277,2702.411723,56.135546,67.652875,63.050584,76.857457
2024-11-12,3244.000000,3308.400000,2972.100000,3159.900000,3201.900000,3131.993333,2809.933333,184.323971,193.992678,-19.337414,268.550000,3083.285000,3418.807771,2747.762229,54.713426,64.144299,63.415156,65.602586
2024-11-13,3166.300000,3235.000000,3075.000000,3180.000000,3235.080000,3145.340000,2849.763333,175.658921,190.325926,-29.334010,252.121429,3100.485000,3417.384747,2783.585253,49.018915,62.726211,63.185507,61.807618
2024-11-14,3268.000000,3268.000000,3051.300000,3095.000000,3199.900000,3137.453333,2885.416667,160.087627,184.278266,-48.381279,255.392857,3118.440000,3385.068505,2851.811495,47.007967,57.886202,61.419072,50.820463
2024-11-15,3182.000000,3293.000000,3102.000000,3290.000000,3193.780000,3143.393333,2923.710000,161.619090,179.746431,-36.254682,256.821429,3137.905000,3394.245854,2881.564146,52.296802,62.868546,61.902230,64.801178
2024-11-18,3250.000000,3337.900000,3201.000000,3240.000000,3192.980000,3146.073333,2947.030000,156.988537,175.194852,-36.412630,244.471429,3140.020000,3399.121277,2880.918723,56.647176,61.010866,61.605109,59.822380
2024-11-19,3258.000000,3318.000000,3168.000000,3287.300000,3218.460000,3165.293333,2993.273333,155.344787,171.224839,-31.760104,240.828571,3153.610000,3413.721878,2893.498122,54.469614,61.962590,61.724269,62.439233
2024-11-20,3350.000000,3398.000000,3258.000000,3329.000000,3248.260000,3178.360000,3040.040000,155.613134,168.102498,-24.978728,239.421429,3171.070000,3428.928020,2913.211980,53.035736,65.319361,62.922633,70.112817
2024-11-21,3330.100000,3360.000000,3130.000000,3293.900000,3288.040000,3182.793333,3076.800000,151.250008,164.732000,-26.963984,246.921429,3175.100000,3438.202990,2911.997010,54.341171,67.405965,64.417077,73.383741
2024-11-22,3308.000000,3337.000000,3187.800000,3224.100000,3274.860000,3187.593333,3101.126667,140.539867,159.893574,-38.707414,228.450000,3176.260000,3440.045626,2912.474374,65.985130,64.660250,64.498135,64.984480
2024-11-25,3220.000000,3220.000000,2722.100000,2722.100000,3171.280000,3182.793333,3103.196667,90.501552,146.015169,-111.027234,239.185714,3152.375000,3484.771680,2819.978320,38.889243,43.106833,57.367701,14.585098
2024-11-26,2701.000000,2819.000000,2622.000000,2690.000000,3051.820000,3157.393333,3100.570000,47.705704,126.353276,-157.295144,241.757143,3136.925000,3523.627273,2750.222727,39.513363,31.658851,48.798084,-2.619616
2024-11-27,2650.000000,2941.000000,2494.200000,2736.000000,2933.220000,3138.853333,3097.236667,17.302054,104.543032,-174.481955,253.535714,3117.075000,3543.357234,2690.792766,29.958786,30.023803,42.539991,4.991428
2024-11-28,2700.000000,2765.600000,2624.900000,2627.000000,2799.840000,3095.926667,3093.606667,-15.410800,80.552266,-191.926131,247.742857,3087.055000,3562.367965,2611.742035,25.118381,24.913707,36.664563,1.411996
2024-11-29,2600.000000,2680.000000,2505.000000,2546.000000,2664.220000,3044.286667,3081.783333,-47.326446,54.976523,-204.605938,227.042857,3056.750000,3588.534141,2524.965859,25.039336,18.519590,30.616239,-5.673706
2024-12-02,2602.000000,2828.000000,2601.000000,2810.000000,2681.800000,3015.353333,3068.860000,-50.732420,33.834735,-169.134309,223.164286,3057.545000,3587.720973,2527.369027,38.913884,23.993513,28.408663,15.163213
2024-12-03,2805.000000,2847.800000,2668.800000,2710.000000,2685.800000,2985.360000,3058.676667,-60.799979,14.907792,-151.415542,224.521429,3039.495000,3591.858650,2487.131350,35.826297,24.303984,27.040437,18.831077
2024-12-04,2670.000000,2680.000000,2558.000000,2649.000000,2668.400000,2949.960000,3047.650000,-72.860887,-2.645944,-140.429886,219.900000,3021.240000,3600.609557,2441.870443,36.352509,22.325105,25.468660,16.037995
2024-12-05,2643.600000,2717.000000,2575.000000,2660.000000,2675.000000,2920.960000,3029.206667,-80.602500,-18.237255,-124.730490,215.900000,2990.695000,3578.990026,2402.399974,28.275862,22.497989,24.478436,18.537096
2024-12-06,2610.000000,2665.000000,2563.000000,2642.500000,2694.300000,2877.793333,3010.593333,-87.145331,-32.018870,-110.252921,213.407143,2956.790000,3543.187368,2370.392632,28.924162,26.062521,25.006464,28.174634
2024-12-09,2635.000000,2730.000000,2505.000000,2505.000000,2633.300000,2828.793333,2987.433333,-102.247032,-46.064503,-112.365059,218.764286,2919.840000,3522.930718,2316.749282,24.056510,18.180744,22.731224,9.079783
2024-12-10,2580.000000,2616.100000,2460.000000,2535.000000,2598.300000,2778.640000,2971.966667,-110.520479,-58.955698,-103.129562,219.914286,2888.595000,3503.944364,2273.245636,23.462567,18.567118,21.343189,13.014976
2024-12-11,2570.000000,2586.000000,2406.000000,2447.700000,2558.040000,2719.886667,2949.123333,-122.707134,-71.705985,-102.002297,216.342857,2851.980000,3481.310279,2222.649721,22.671489,15.524299,19.403559,7.765778
2024-12-12,2429.000000,2478.000000,2369.000000,2460.000000,2518.040000,2664.293333,2923.543333,-129.875514,-83.339891,-93.071247,213.471429,2820.230000,3461.888575,2178.571425,24.371101,16.684815,18.497311,13.059823
2024-12-13,2501.000000,2609.000000,2467.000000,2587.500000,2507.040000,2621.853333,2904.723333,-123.840764,-91.440065,-64.801397,188.257143,2785.105000,3394.591633,2175.618367,43.970615,26.334850,21.109824,36.784903
2024-12-16,2569.900000,2657.400000,2471.400000,2629.000000,2531.840000,2615.646667,2899.220000,-114.390851,-96.030222,-36.721257,187.471429,2754.555000,3328.236472,2180.873528,47.290334,41.563954,27.927867,68.836127
2024-12-17,2650.000000,2650.100000,2566.000000,2580.100000,2540.860000,2608.320000,2882.856667,-109.584328,-98.741044,-21.686569,161.564286,2719.195000,3239.293223,2199.096777,43.092601,47.201454,34.352396,72.899570
2024-12-18,2585.200000,2676.000000,2507.000000,2663.000000,2583.920000,2603.453333,2871.153333,-97.956604,-98.584156,1.255103,163.585714,2685.895000,3119.728150,2252.061850,51.632801,58.614450,42.439748,90.963856
2024-12-19,2600.000000,2695.000000,2502.000000,2528.500000,2597.620000,2596.886667,2846.406667,-98.459594,-98.559244,0.199298,164.871429,2647.625000,2978.434043,2316.815957,49.243014,53.803909,46.227801,68.956124
2024-12-20,2510.000000,2562.800000,2460.000000,2538.000000,2587.720000,2596.353333,2820.320000,-96.973794,-98.242154,2.536720,152.071429,2613.320000,2805.795295,2420.844705,34.912359,53.149436,48.535013,62.378283
2024-12-23,2558.000000,2610.000000,2530.100000,2584.200000,2578.760000,2581.300000,2798.326667,-91.019120,-96.797547,11.556853,144.992857,2606.425000,2792.258019,2420.591981,42.579047,57.437047,51.502358,69.306427
2024-12-24,2579.900000,2588.000000,2410.000000,2439.200000,2550.580000,2563.246667,2774.303333,-96.883474,-96.814732,-0.137484,146.850000,2593.885000,2789.559523,2398.210477,38.739802,45.469279,49.491331,37.425174
2024-12-25,2418.000000,2478.000000,2390.000000,2437.900000,2505.560000,2549.173333,2749.566667,-100.477672,-97.547320,-5.860704,142.992857,2578.980000,2774.488477,2383.471523,37.954225,35.547825,44.843496,16.956484
2024-12-26,2440.000000,2488.000000,2360.300000,2373.000000,2474.460000,2530.040000,2725.500000,-107.325803,-99.503017,-15.645572,144.828571,2566.280000,2780.735478,2351.824522,36.098215,24.963365,38.216786,-1.543478
2024-12-27,2373.000000,2417.600000,2342.000000,2389.800000,2444.820000,2513.193333,2695.493333,-110.127890,-101.627991,-16.999797,134.157143,2558.470000,2786.953311,2329.986689,43.212350,21.155935,32.529835,-1.591865
2024-12-30,2388.000000,2388.000000,2225.800000,2237.500000,2375.480000,2495.360000,2662.076667,-123.217527,-105.945898,-34.543256,134.721429,2529.845000,2768.851078,2290.838922,34.679164,14.935159,26.664943,-8.524410
2024-12-31,2248.700000,2275.000000,2208.000000,2257.000000,2339.040000,2476.826667,2627.733333,-130.513196,-110.859358,-39.307676,126.650000,2507.195000,2759.788566,2254.601434,39.441922,13.310640,22.213509,-4.495098
2025-01-02,2269.000000,2332.900000,2188.000000,2224.700000,2296.400000,2461.960000,2590.923333,-137.318485,-116.151183,-42.334603,129.214286,2485.980000,2758.882493,2213.077507,37.254902,11.772654,18.733224,-2.148486
2025-01-03,2218.000000,2224.400000,2050.000000,2131.000000,2248.000000,2440.026667,2552.160000,-148.560024,-122.632951,-51.854146,131.050000,2459.530000,2762.322513,2156.737487,24.333746,12.669865,16.712104,4.585386
2025-01-06,2109.000000,2129.200000,2007.600000,2032.500000,2176.540000,2403.026667,2512.440000,-163.532056,-130.812772,-65.438568,126.578571,2429.030000,2774.151581,2083.908419,18.482511,9.876625,14.433611,0.762652
2025-01-07,2013.900000,2070.000000,1975.000000,2026.100000,2134.260000,2362.833333,2489.240000,-173.909209,-139.432060,-68.954299,127.357143,2405.085000,2791.943110,2018.226890,19.351626,9.904754,12.923992,3.866279
2025-01-08,2041.000000,2059.600000,1943.500000,1980.000000,2078.860000,2322.826667,2465.573333,-183.735079,-148.292664,-70.884830,123.578571,2377.335000,2802.664417,1952.005583,10.611303,8.837635,11.561873,3.389160
2025-01-09,1970.600000,2099.000000,1918.000000,2056.000000,2045.120000,2282.360000,2442.906667,-183.276884,-155.289508,-55.974753,122.721429,2357.750000,2804.947776,1910.552224,20.779221,15.099123,12.740956,19.815456
2025-01-10,2011.900000,2048.000000,1982.600000,1997.000000,2018.320000,2246.926667,2421.906667,-185.535828,-161.338772,-48.394112,120.621429,2334.600000,2806.750699,1862.449301,18.473193,15.668919,13.716944,19.572869
2025-01-13,1966.900000,2055.000000,1947.000000,2020.900000,2016.000000,2212.453333,2404.403333,-183.284734,-165.727964,-35.113539,122.628571,2306.270000,2782.504648,1830.035352,16.297714,18.712998,15.382295,25.374404
2025-01-14,2000.000000,2082.000000,1994.000000,2045.000000,2019.780000,2176.506667,2378.903333,-177.509834,-168.084338,-18.850992,116.200000,2277.070000,2741.454573,1812.685427,22.425853,22.678594,17.814395,32.406992
2025-01-15,1274.500000,1312.700000,1227.000000,1230.800000,1869.940000,2095.946667,2329.596667,-235.912863,-181.650043,-108.525640,168.342857,2209.605000,2848.052972,1571.157028,10.492898,15.246059,16.958283,11.821612
2025-01-16,1210.000000,1253.200000,1163.000000,1240.200000,1706.780000,2016.100000,2282.636667,-278.231899,-200.966414,-154.530970,165.664286,2138.465000,2873.904166,1403.025834,11.526966,12.827394,15.581320,7.319543
2025-01-17,1241.000000,1288.000000,1184.100000,1228.300000,1553.040000,1939.786667,2234.913333,-309.166393,-222.606410,-173.119966,167.685714,2073.455000,2889.205629,1257.704371,10.420500,10.877095,14.013245,4.604794
2025-01-20,1228.000000,1286.800000,1203.000000,1249.200000,1398.700000,1863.746667,2188.470000,-328.212319,-243.727592,-168.969455,161.957143,2009.015000,2872.475254,1145.554746,13.009956,10.321197,12.782562,5.398467
2025-01-21,1265.000000,1375.000000,1251.700000,1373.300000,1264.360000,1806.133333,2150.746667,-329.494315,-260.880937,-137.226757,166.157143,1948.470000,2811.928039,1085.011961,19.326623,14.370114,13.311746,16.486850
2025-01-22,1373.300000,1490.500000,1362.000000,1484.100000,1315.020000,1754.606667,2115.716667,-317.905060,-272.285761,-91.238598,164.985714,1900.715000,2755.499891,1045.930109,25.622120,21.226794,15.950095,31.780190
2025-01-23,1495.000000,1520.000000,1403.400000,1447.800000,1356.540000,1702.813333,2082.386667,-308.098037,-279.448216,-57.299640,160.835714,1851.210000,2689.525494,1012.894506,26.628352,24.481265,18.793819,35.856157
2025-01-24,1456.200000,1475.800000,1417.000000,1431.800000,1397.240000,1656.200000,2048.113333,-298.179735,-283.194520,-29.970431,156.221429,1804.150000,2624.614335,983.685665,28.221304,26.070571,21.219403,35.772908
2025-01-27,1433.100000,1544.000000,1433.100000,1520.000000,1451.400000,1622.033333,2012.530000,-279.975030,-282.550622,5.151185,157.450000,1760.660000,2541.677675,979.642325,32.678486,48.613977,30.350927,85.140075
2025-02-05,1449.000000,1451.000000,1361.100000,1373.600000,1451.460000,1578.533333,1970.683333,-274.200117,-280.880521,13.360807,160.507143,1717.465000,2482.843308,952.086692,30.579042,50.834515,37.178790,78.145964
2025-02-06,1358.000000,1507.000000,1350.000000,1473.000000,1449.240000,1544.733333,1933.780000,-258.621481,-276.428713,35.614464,158.792857,1678.265000,2406.709790,949.820210,31.604190,60.647109,45.001563,91.938201
2025-02-07,1462.200000,1659.600000,1460.000000,1659.600000,1491.600000,1518.306667,1900.333333,-228.583273,-266.859625,76.552704,167.807143,1650.010000,2331.539453,968.480547,40.147179,73.764739,54.589288,112.115641
2025-02-10,1627.000000,1878.000000,1626.000000,1826.000000,1570.440000,1506.906667,1876.916667,-189.170053,-251.321711,124.303315,178.092857,1634.760000,2283.850250,985.669750,44.745781,79.742249,62.973609,113.279531
2025-02-11,1865.000000,1888.800000,1768.100000,1851.200000,1636.680000,1495.593333,1854.023333,-154.124710,-231.882311,155.515202,180.428571,1625.695000,2256.194703,995.195297,44.778532,84.168676,70.038631,112.428766
2025-02-12,1868.000000,1940.000000,1741.400000,1819.300000,1725.820000,1480.546667,1828.526667,-127.455854,-210.997019,167.082331,136.185714,1615.355000,2224.631936,1006.078064,77.410340,82.626575,74.234612,99.410500
2025-02-13,1821.000000,1901.800000,1702.000000,1870.300000,1805.280000,1523.180000,1809.563333,-101.040587,-189.005733,175.930292,144.014286,1609.870000,2207.182684,1012.557316,78.253071,84.479864,77.649696,98.140198
2025-02-14,1900.000000,2088.100000,1878.000000,2088.100000,1890.980000,1579.706667,1797.903333,-61.819046,-163.568395,203.498699,152.150000,1611.475000,2213.985020,1008.964980,82.543528,89.653242,81.650878,105.657971
2025-02-17,2100.000000,2164.000000,1945.300000,2010.800000,1927.940000,1631.873333,1785.830000,-36.551810,-138.165078,203.226537,161.785714,1612.165000,2216.562646,1007.767354,77.646290,86.828615,83.376791,93.732265
2025-02-18,1981.000000,2073.000000,1962.000000,2029.900000,1963.680000,1683.920000,1773.833333,-14.815350,-113.495133,197.359565,160.728571,1612.615000,2218.306015,1006.923985,75.801635,85.727676,84.160419,88.862191
2025-02-19,2010.000000,2199.000000,2005.500000,2084.400000,2016.700000,1731.326667,1768.730000,6.731053,-89.449895,192.361898,165.371429,1614.585000,2226.422492,1002.747508,74.681358,85.315970,84.545603,86.856705
2025-02-20,2050.000000,2088.800000,1964.000000,2064.000000,2055.440000,1769.986667,1762.296667,21.908081,-67.178300,178.172763,165.957143,1656.245000,2271.508933,1040.981067,75.670722,82.357244,83.816150,79.439431
2025-02-21,2034.900000,2076.000000,1980.000000,1991.600000,2036.140000,1806.240000,1754.526667,27.773752,-48.187890,151.923283,168.614286,1693.815000,2293.683502,1093.946498,72.274391,74.328035,80.653445,61.677215
2025-02-24,1971.000000,1980.600000,1805.000000,1823.700000,1998.720000,1832.366667,1744.283333,18.659120,-34.818488,106.955216,173.928571,1723.585000,2283.977980,1163.192020,61.363466,57.714330,73.007073,27.128845
2025-02-25,1810.000000,1917.800000,1782.000000,1862.000000,1965.140000,1855.166667,1738.600000,14.360659,-24.982658,78.686634,172.278571,1754.225000,2270.697403,1237.752597,69.882755,49.207273,65.073807,17.474207
2025-02-26,1838.000000,1928.000000,1752.000000,1790.000000,1906.260000,1882.926667,1730.730000,5.085674,-18.968992,48.109332,173.635714,1775.060000,2259.453669,1290.666331,63.199534,35.638555,55.262056,-3.608447
2025-02-27,1750.000000,1810.000000,1727.000000,1800.500000,1853.560000,1904.760000,1724.746667,-1.401402,-15.455474,28.108144,165.307143,1790.880000,2255.527201,1326.232799,56.875183,28.949715,46.491276,-6.133407
2025-02-28,1776.900000,1794.000000,1745.000000,1774.100000,1810.060000,1912.393333,1715.350000,-8.573881,-14.079155,11.010549,151.271429,1807.195000,2243.148872,1371.241128,47.066802,22.626081,38.536211,-9.194179
2025-03-03,1796.000000,1870.000000,1750.400000,1764.100000,1798.140000,1908.266667,1707.586667,-14.893357,-14.241996,-1.302723,151.192857,1823.810000,2223.330649,1424.289351,44.991374,17.704110,31.592177,-10.072023
2025-03-04,2300.000000,2326.600000,2020.000000,2020.000000,1829.740000,1919.520000,1707.556667,0.738886,-11.245819,23.969411,177.185714,1848.810000,2230.460035,1467.159965,59.176955,28.091377,30.425244,23.423644
2025-03-05,2020.000000,2102.100000,1964.000000,2098.900000,1891.520000,1938.160000,1709.353333,19.271967,-5.142262,48.828458,172.778571,1885.075000,2210.259002,1559.890998,60.192616,39.402479,33.417656,51.372126
2025-03-06,2150.000000,2357.000000,2103.000000,2336.000000,1998.620000,1969.206667,1746.193333,52.486524,6.383495,92.206057,175.657143,1928.225000,2252.205544,1604.244456,60.866135,58.490542,41.775284,91.921056
2025-03-07,2338.000000,2395.000000,2263.000000,2330.000000,2109.800000,1985.333333,1782.520000,77.432555,20.593307,113.678496,169.464286,1961.745000,2306.744792,1616.745208,64.924257,69.083515,50.878028,105.494489
2025-03-10,2320.000000,2335.000000,2200.000000,2265.500000,2210.080000,2002.313333,1817.093333,90.949445,34.664535,112.569820,171.178571,1983.720000,2347.776228,1619.663772,60.566918,72.926934,58.227663,102.325476
2025-03-11,2250.000000,2386.000000,2204.000000,2335.800000,2273.240000,2022.706667,1853.313333,106.111117,48.953851,114.314532,170.357143,2007.950000,2398.417296,1617.482704,61.117990,78.997198,65.150841,106.689910
2025-03-12,2385.000000,2438.800000,2245.400000,2272.000000,2307.860000,2035.213333,1883.270000,111.691218,61.501324,100.379787,175.257143,2030.585000,2427.439497,1633.730503,58.858603,77.984295,69.428659,95.095566
2025-03-13,2276.000000,2298.000000,2088.000000,2122.100000,2265.080000,2039.086667,1904.536667,102.832423,69.767544,66.129757,183.400000,2043.175000,2434.557876,1651.792124,55.213744,69.987787,69.615035,70.733290
2025-03-14,2120.000000,2194.700000,2080.000000,2154.100000,2229.900000,2049.920000,1928.080000,97.272598,75.268555,44.008087,178.264286,2046.475000,2440.556460,1652.393540,64.808175,60.004495,66.411522,47.190441
2025-03-17,2280.000000,2333.200000,2156.000000,2204.100000,2217.620000,2075.280000,1953.823333,95.796695,79.374183,32.845024,181.357143,2056.140000,2455.976974,1656.303026,65.173423,56.859217,63.227420,44.122810
2025-03-18,2210.000000,2289.000000,2172.200000,2228.000000,2196.060000,2099.680000,1977.423333,95.455213,82.590389,25.729647,177.128571,2066.045000,2472.898334,1659.191666,70.292809,51.655680,59.370173,36.226693
2025-03-19,2234.100000,2297.800000,2032.000000,2056.000000,2152.860000,2117.413333,2000.170000,80.379063,82.148124,-3.538121,190.185714,2064.625000,2471.406834,1657.843166,60.296607,36.403688,51.714678,5.781708
2025-03-20,2030.000000,2079.000000,1976.000000,2038.000000,2136.040000,2133.246667,2019.003333,66.215367,78.961572,-25.492411,193.578571,2063.325000,2470.281389,1656.368611,60.707620,28.734697,44.054685,-1.905277
2025-03-21,2085.000000,2140.000000,2010.000000,2078.900000,2121.000000,2153.566667,2032.980000,57.626541,74.694566,-34.136050,194.321429,2067.690000,2473.277599,1662.102401,62.460418,26.567874,38.225748,3.252126
2025-03-24,2100.000000,2108.000000,2038.000000,2072.000000,2094.580000,2174.093333,2041.180000,49.690264,69.693706,-40.006884,159.142857,2080.105000,2469.108041,1691.101959,52.563597,24.626350,33.692615,6.493819
2025-03-25,2060.000000,2213.000000,2013.000000,2146.800000,2078.340000,2182.546667,2051.033333,48.873064,65.529577,-33.313027,163.564286,2094.345000,2470.365400,1718.324600,52.371052,32.356350,33.247193,30.574662
2025-03-26,2166.000000,2199.000000,2093.100000,2144.900000,2096.120000,2185.613333,2061.886667,47.524282,61.928518,-28.808472,152.692857,2112.090000,2460.089122,1764.090878,37.669377,37.332378,34.608921,42.779291
2025-03-27,2178.800000,2195.000000,2124.000000,2160.200000,2120.560000,2173.893333,2071.550000,47.146470,58.972109,-23.651277,148.335714,2130.075000,2445.969099,1814.180901,39.173680,42.077502,37.098448,52.035609
2025-03-28,2200.000000,2295.000000,2180.000000,2288.000000,2162.380000,2171.093333,2078.213333,56.508053,58.479298,-3.942488,148.321429,2155.770000,2430.692221,1880.847779,51.327434,60.369878,44.855591,91.398451
2025-03-31,2300.000000,2318.000000,2170.000000,2183.700000,2184.720000,2165.640000,2083.976667,54.878433,57.759125,-5.761383,145.892857,2176.750000,2380.704107,1972.795893,41.372660,60.490250,50.067144,81.336461
